,0,1,2,3,4,5,6,7,8,9,10,11,12,13,14,15,16,17,18,19,20,21,22,23,24
2023-01-31,0.0,0.0,0.0,0.0,0.0,0.0,0.0,0.0,0.0,0.0,0.0,0.0,0.0,0.0,0.0,0.0,0.0,0.0,0.0,0.0,0.0,0.0,0.0,0.0,0.0
2023-02-28,0.8281295999999999,2.9502116999999997,2.4843887999999996,1.3457105999999999,2.2255982999999997,3.7265831999999994,3.9853736999999994,2.7431793,1.4492268000000001,2.6914212,1.1904363,2.4326306999999994,1.7597753999999997,4.502954699999999,1.6045010999999998,1.035162,5.1758099999999985,2.7949374,1.1904363,3.0537278999999997,0.9316458,1.7597753999999997,2.5879049999999992,2.3291144999999998,3.2607603
2023-03-31,3.2090021999999996,4.037131799999998,5.020535699999999,1.6045011,4.192406099999999,6.935585399999998,7.1943759,3.674825099999999,3.8300994,6.210971999999998,3.0019697999999995,6.314488199999999,3.0537278999999997,7.867231199999997,4.088889899999999,3.9853736999999994,13.198315500000001,7.4014083,2.0185659,6.159213899999998,3.364276499999999,4.3476804,5.382842399999998,5.8486652999999995,6.418004399999999
2023-04-30,5.693391,6.728552999999997,8.5400865,3.6748250999999996,6.4180044,9.368216099999998,10.610410499999999,5.3828423999999995,4.6064709,8.747118899999997,4.399438499999999,7.660198799999997,3.5713088999999996,12.473702099999999,5.8486652999999995,6.8838273,16.873140600000006,9.316457999999999,2.9502116999999997,10.817442899999996,4.606470899999999,6.210971999999999,9.730522799999997,8.281295999999998,10.506894299999997
2023-05-31,6.6250367999999975,7.453166399999999,13.3018317,7.194375899999998,8.022505499999998,10.092829499999997,12.0596373,7.194375899999998,6.159213899999998,11.231507699999998,7.453166399999997,10.817442899999996,4.8135033,16.4073177,8.177779799999998,8.902393199999999,20.547965700000013,14.699300399999998,4.244164199999999,15.372155699999999,7.039101599999998,8.022505499999998,13.3018317,11.024475299999999,13.3535898
2023-06-30,8.798876999999997,9.885797099999998,20.340933300000003,8.333054099999998,8.902393199999997,11.335023899999998,15.009849,9.4199742,8.798877,12.732492599999997,11.800846799999997,12.525460199999996,5.641632899999999,20.547965700000006,10.662168599999996,10.0928295,25.827291900000017,19.616319900000004,6.780311099999999,19.7715942,8.333054099999998,9.834038999999999,17.028414900000005,14.6475423,21.63488580000001
2023-07-31,10.196345699999998,11.800846799999999,25.361469000000003,10.765684799999997,11.6455725,15.216881400000002,17.804786400000005,11.645572500000002,10.610410499999999,15.320397600000002,13.457106,15.268639499999995,5.641632899999999,24.32630700000001,11.438540099999996,12.836008799999998,29.34684270000002,21.479611500000008,9.005909399999997,25.050920399999992,10.403378099999998,13.508864099999995,19.823352300000007,17.2872054,24.326307000000014
2023-08-31,11.438540099999999,14.233477499999998,30.33024660000002,12.318427799999997,12.784250700000001,17.908302600000003,19.150497000000005,14.751058500000003,11.800846799999997,16.821382500000006,15.682704300000001,18.4776417,6.3662462999999985,29.605633200000018,13.5606222,17.7530283,37.16231580000002,26.344872900000016,9.627006599999998,28.2081645,11.179749599999996,16.045010999999995,23.032354500000007,21.841918200000006,27.949374000000017
2023-09-30,14.3887518,17.183689200000003,37.88692920000002,14.026445099999998,15.4239138,21.893676300000006,20.18565900000001,16.303801500000002,14.3887518,21.117304800000003,18.218851200000003,20.237417100000002,6.573278699999999,35.920121400000035,16.562592000000002,19.461045600000002,42.07933530000003,30.07145610000002,11.438540099999996,31.417166700000003,12.421943999999998,18.6846741,24.895646100000015,26.13784050000001,32.71111920000002
2023-10-31,15.889736700000002,21.065546700000002,43.580320200000024,16.3555596,18.374125499999998,25.620259500000007,22.980596400000007,21.479611500000004,15.1651233,24.222790800000002,20.599723800000003,24.015758400000006,7.504924499999999,42.28636770000004,20.3926914,23.084112599999997,49.58425980000001,32.038263900000025,12.887766899999997,37.007041500000014,13.922928900000002,19.8233523,29.91618180000002,30.33024660000002,36.74825100000003
2023-11-30,18.167093100000002,22.514773500000004,50.25711510000001,20.289175200000003,20.6514819,28.777503600000014,24.274548900000017,23.549935500000004,15.527429999999999,25.1544366,23.29114500000001,26.655421500000013,8.333054099999998,47.824484400000024,23.860484100000004,26.60366340000001,55.27765079999996,34.574410800000024,14.8028166,41.56175430000002,14.595784200000002,21.9454344,36.59297670000004,34.57441080000002,42.02757720000004
2023-12-31,21.169062900000007,24.48158130000001,54.03545639999998,22.67004780000001,22.2042249,32.50408680000001,26.81069580000002,27.121244400000005,17.183689200000003,28.363438800000015,24.89564610000001,30.796069500000026,8.747118899999998,52.22392289999999,25.723775700000008,29.191568400000005,59.21126639999997,40.11252750000002,16.6661082,45.59888610000003,15.630946200000004,23.65345170000001,40.52659230000003,39.75022080000002,46.841080500000025
2024-01-31,23.860484100000004,26.96597010000001,58.59016919999998,24.999162300000012,23.342903100000004,33.33221640000001,30.019698000000016,30.951343800000007,18.581157900000008,32.348812500000015,25.41322710000001,34.67792700000004,9.575248499999997,57.347974799999974,27.431793000000017,31.882989600000005,63.71422109999993,42.803948700000014,19.3057713,50.153598900000006,18.632916,25.723775700000004,43.26977160000003,40.42307610000001,51.18876089999999
2024-02-29,26.396631000000003,29.036294100000013,64.38707639999993,26.396631000000017,24.378065100000004,37.7316549,30.951343800000018,32.40057060000001,18.736432200000007,34.62616890000002,26.55190530000001,36.955283400000035,10.403378099999996,61.79917139999996,29.812665600000017,32.55584490000001,69.7699187999999,45.75416040000001,19.97862660000001,54.811827899999976,19.5645618,29.088052200000007,48.704372100000015,46.73756430000001,56.00226419999996
2024-03-31,27.48355110000001,30.43376280000002,71.58145229999992,27.690583500000024,26.965970100000003,42.18285150000001,32.55584490000002,35.14374990000001,19.71983610000001,37.886929200000026,27.74234160000001,41.30296380000004,11.490298199999998,66.71619089999996,31.93474770000002,36.38594430000002,76.65374609999985,50.05008269999998,21.790160100000012,58.48665299999997,20.547965700000006,30.796069500000012,54.60479549999998,48.756130200000015,63.403672499999935
2024-04-30,28.518713100000006,32.40057060000002,75.51506789999992,31.67595720000002,28.7775036,46.42701570000002,34.78144320000002,38.30099400000001,20.34093330000001,41.76878670000002,29.398600800000015,43.99438500000006,12.214911599999997,71.32266179999992,32.65936110000002,40.164285600000014,81.41549129999983,55.27765079999997,22.82532210000001,63.81773729999995,22.359499200000005,33.59100690000001,58.84895969999998,53.724907800000004,68.78651489999993
2024-05-31,29.55387510000001,34.52265270000002,80.8461521999999,33.22870020000003,31.106618100000006,50.20535700000002,38.249235900000016,42.18285150000001,21.89367630000001,43.47680400000002,31.158376200000017,46.89283860000003,12.214911599999997,78.10297289999988,35.55781470000002,42.85570680000002,87.36767279999981,58.74544349999995,23.964000300000006,70.44277409999992,23.39466120000001,37.110557700000015,65.11168979999997,58.38313679999999,73.8070505999999
2024-06-30,30.48552090000001,37.16231580000003,84.00339629999988,34.108587900000025,34.212104100000005,53.6731497,40.47483420000002,44.71899840000001,23.8604841,45.02954700000003,32.29705440000002,51.188760900000005,12.421943999999996,79.86274829999988,37.52462250000002,45.39185370000001,94.56204869999979,61.69565519999993,26.137840500000006,76.96429469999991,25.775533800000005,39.491430300000026,70.54629029999992,62.67905909999995,80.53560359999985
2024-07-31,34.212104100000005,38.973849300000026,92.49172469999986,37.67989680000002,36.54121860000001,58.38313679999998,44.977788900000014,46.530531900000014,25.154436600000004,46.58229000000003,33.12518400000002,53.51787540000001,12.628976399999997,84.31394489999987,39.38791410000002,48.23854920000001,99.78961679999975,66.0950936999999,26.86245390000001,80.79439409999988,27.483551100000007,40.423076100000024,76.60198799999988,66.76794899999994,87.00536609999978
2024-08-31,39.07736550000002,40.31955990000002,99.89313299999984,39.23263980000004,36.748251,62.83433339999997,47.35866149999999,48.342065399999996,27.0177282,48.29030730000002,35.29902420000002,57.14094240000001,13.043041199999998,90.57667499999982,42.079335300000025,50.4123894,106.15586309999972,68.99354729999988,27.587067300000015,84.98680019999986,28.72574550000001,42.64867440000003,82.76120189999986,70.8568388999999,92.80227329999977
2024-09-30,42.70043250000001,43.06273920000003,103.93026479999978,40.26780180000002,39.33615600000001,64.02476969999996,50.101840799999984,50.87821229999999,27.690583500000002,49.11843690000002,37.52462250000002,60.246428400000006,14.078203199999995,96.37358219999975,44.40844980000003,53.56963349999999,112.05628649999969,72.56485619999987,28.881019800000015,87.98876999999987,30.951343800000007,44.201417400000025,87.83349569999984,74.58342209999991,98.80621289999976
2024-10-31,44.82251460000002,46.27174140000003,109.20959099999975,43.21801350000003,42.18285150000001,68.73475679999993,53.10381059999998,53.72490779999997,28.932777899999994,51.188760900000005,39.284397900000016,64.85289929999999,14.336993699999997,101.49763409999976,45.96119280000002,55.329408899999976,118.26725849999968,76.91253659999985,29.605633200000018,91.56007889999991,31.365408600000016,46.68580620000001,93.9409514999998,78.5687957999999,104.08553909999974
2024-11-30,48.85964640000002,50.878212300000015,114.3854009999997,44.40844980000003,44.201417400000025,72.82364669999993,55.588199399999965,56.00226419999996,30.4855209,54.1389726,40.785382800000015,66.92322329999998,15.009848999999997,105.22421729999974,47.46217770000003,59.93587979999997,125.35811819999967,79.55219969999985,31.313650500000016,96.68413079999989,33.53924880000002,49.06667880000001,102.79158659999975,83.01999239999988,109.3648652999997
2024-12-31,52.12040670000001,53.4661173,122.3043902999997,47.92800060000001,45.495369900000036,77.2748432999999,59.88412169999995,58.331378699999966,32.24529630000001,58.27962059999997,43.218013500000026,69.92519309999996,15.009848999999997,110.08947869999975,49.48074360000002,63.35191439999994,130.94799299999957,84.41746109999983,32.03826390000002,102.89510279999989,35.92012140000001,51.44755139999999,107.34629939999975,87.05712419999986,114.90298199999967
2025-01-31,56.105780399999986,56.364570899999975,127.94602319999963,49.377227400000024,47.77272630000001,81.20845889999988,61.850929499999964,61.17807419999996,32.24529630000001,60.86752559999998,45.288337500000026,75.72210029999994,15.4239138,115.83462779999968,52.793262000000006,66.92322329999993,135.60622199999955,88.6098671999998,33.849797400000014,107.50157369999985,36.43770240000001,52.01689049999999,112.47035129999973,94.45853249999986,121.32098639999964
2025-02-28,57.96907199999999,58.538411099999955,132.7077683999996,50.929970400000016,48.44558160000001,85.34910689999985,65.62927079999994,64.74938309999995,34.00507170000001,62.36851049999996,47.66921010000002,80.63911979999995,15.7344624,121.47626069999966,54.39776310000001,71.32266179999992,141.76543589999952,95.49369449999978,33.849797400000014,113.8160618999998,38.24923590000001,52.94853629999998,118.99187189999972,96.99467939999984,129.3434918999996
2025-03-31,59.83236359999997,63.144881999999946,140.8855481999996,52.22392290000001,48.80788830000002,90.26612639999982,67.80311099999993,66.35388419999994,34.98847560000001,64.43883449999994,51.1887609,82.39889519999993,16.303801500000002,124.63350479999966,57.19270050000001,73.60001819999991,146.52718109999947,100.41071399999976,35.557814700000016,119.40593669999978,40.52659230000002,56.364570899999975,126.34152209999964,99.84137489999982,132.65601029999956
2025-04-30,62.05796189999995,66.09509369999994,144.50861519999958,54.811827900000004,49.53250170000001,93.16457999999979,69.82167689999993,68.16541769999994,37.31759010000002,67.18201379999994,53.2073268,86.9018498999999,16.303801500000002,129.6022823999996,60.246428399999985,79.03461869999988,151.34068439999945,102.84334469999976,36.80000910000002,124.06416569999972,42.07933530000001,58.22786249999997,133.9499627999996,105.4312496999998,137.88357839999958
2025-05-31,64.28356019999994,70.28749979999992,149.37387659999953,57.24445860000001,51.4475514,98.0815994999998,72.51309809999992,69.92519309999993,38.92209120000002,68.16541769999992,55.122376499999994,94.51029059999989,17.442479700000003,135.6062219999996,63.248398199999976,82.70944379999987,155.89539719999945,106.46641169999975,38.766816900000016,127.42844219999971,43.32152970000001,61.02279989999995,138.24588509999958,111.74573789999974,143.36993699999957
2025-06-30,67.64783669999991,72.2543075999999,155.37781619999953,59.47005689999999,54.13897259999999,101.70466649999979,74.9457287999999,72.51309809999992,40.47483420000002,70.02870929999992,57.606765299999985,98.59918049999986,17.856544500000002,140.78203199999956,64.69762499999996,85.19383259999987,159.7772546999994,110.19299489999975,41.35472190000002,131.46557399999963,44.66724030000001,63.40367249999995,143.31817889999954,117.69791939999968,147.66585929999954
2025-07-31,73.44474389999989,74.1175991999999,160.08780329999945,62.420268599999986,55.84698989999998,105.37949159999974,75.7738583999999,75.92913269999991,40.78538280000001,72.4095818999999,60.29818649999998,101.75642459999986,17.856544500000002,145.12971239999953,67.33728809999995,87.93701189999985,162.9344987999994,116.97330599999971,42.70043250000002,137.5212716999996,46.2717414,65.26696409999994,149.58090899999954,123.96064949999959,153.41100839999953
2025-08-31,75.8773745999999,76.9642946999999,163.50383789999944,65.68102889999999,57.45149099999998,108.01915469999975,78.20648909999987,77.84418239999991,41.19944760000001,76.23968129999992,61.54038089999997,107.65684799999978,18.529399800000004,150.87486149999947,69.09706349999995,91.04249789999987,168.4726154999994,119.71648529999972,44.14965930000002,141.92071019999963,48.54909779999999,68.32069199999994,153.0487016999995,129.6022823999996,159.3631898999995
2025-09-30,78.8793443999999,78.3617633999999,168.00679259999944,68.37245009999997,59.52181499999997,112.47035129999975,81.26021699999987,82.7094437999999,42.803948700000014,79.44868349999989,62.83433339999996,111.07288259999973,18.943464600000002,154.08386369999948,69.35585399999994,93.26809619999986,173.2861187999994,122.0455997999997,46.63404810000002,147.4588268999996,51.240518999999985,71.27090369999993,157.60341449999947,134.1569951999996,163.86614459999947
2025-10-31,81.1567007999999,81.98483039999988,171.4745852999994,72.97892099999996,60.867525599999965,117.64616129999975,84.83152589999986,87.16064039999988,44.92603080000001,82.29537899999987,66.35388419999994,113.86781999999971,19.461045600000002,158.89736699999946,72.09903329999993,95.54545259999989,178.5654449999994,126.08273159999969,46.63404810000002,150.97837769999958,53.36260109999997,73.39298579999993,161.27823959999944,137.9870945999996,169.71480989999952
2025-11-30,82.76120189999988,86.02196219999986,173.49315119999943,75.56682599999995,62.730817199999976,122.71845509999973,87.93701189999985,90.68019119999987,46.37525760000002,83.01999239999988,67.07849759999993,118.1637422999997,19.875110400000004,164.48724179999942,75.25627739999992,97.61577659999983,182.65433489999955,129.80931479999967,48.60085590000001,153.92858939999957,55.484683199999964,76.13616509999991,165.6776780999994,142.95587219999953,174.52831319999953
2025-12-31,85.6078973999999,89.80030349999983,177.4785248999994,78.36176339999993,65.05993169999995,125.97921539999972,89.90381969999986,93.68216099999988,47.72096820000001,84.88328399999988,69.14882159999992,124.01240759999962,20.030384700000006,169.45601939999935,76.4467136999999,99.16851959999984,188.03717729999963,134.9333666999997,49.53250170000001,158.89736699999952,59.314782599999965,78.3617633999999,170.12887469999941,147.61410119999948,178.51368689999953
2026-01-31,87.8334956999999,94.35501629999979,180.89455949999945,82.60592759999993,66.35388419999994,128.1012974999997,91.61183699999984,94.92435539999984,48.7561302,87.67822139999987,69.82167689999993,129.7575566999996,20.030384700000006,173.02732829999928,78.7240700999999,102.4810379999998,190.98738899999975,140.21269289999967,50.101840800000005,165.36712949999944,61.488622799999966,81.15670079999988,174.94237799999937,150.4090385999995,180.94631759999956
2026-02-28,91.87062749999987,96.78764699999977,185.75982089999957,86.43602699999991,67.64783669999994,134.41578569999967,93.21633809999985,96.42534029999985,49.9983246,90.68019119999987,72.20254949999992,136.33083539999956,20.444449500000005,177.21973439999928,80.79439409999989,105.94883069999976,193.73056829999973,143.47345319999968,51.70634189999999,170.18063279999947,64.43883449999993,84.93504209999985,179.03126789999942,153.82507319999945,185.4492722999996
2026-03-31,92.75051519999987,99.78961679999979,190.46980799999963,89.3344805999999,70.02870929999993,139.79862809999963,95.95951739999983,99.37555199999983,50.9299704,94.51029059999983,75.20451929999992,141.35137109999954,20.754998100000005,181.15334999999934,83.48581529999987,110.60705969999977,197.56066769999984,148.54574699999964,53.88018209999998,174.5800712999995,66.71619089999993,90.00733589999983,182.03323769999952,161.32999769999947,187.51959629999965
2026-04-30,97.09819559999985,102.94686089999975,194.09287499999968,92.69875709999985,72.35782379999992,145.8543257999996,99.2720357999998,104.29257149999981,51.1887609,97.3569860999998,77.94769859999991,146.00960009999952,21.376095300000006,185.39751419999942,85.03855829999986,115.67935349999976,202.01186429999993,152.94518549999967,54.60479549999998,178.51368689999947,68.83827299999992,92.33645039999985,185.34575609999953,165.4706456999995,192.48837389999966
2026-05-31,103.10213519999981,107.29454129999972,197.40539339999978,95.95951739999984,75.4633097999999,148.59750509999955,101.49763409999981,109.36486529999978,52.3791972,99.99664919999981,80.22505499999988,150.09848999999952,21.376095300000006,187.77838679999948,88.40283479999985,118.06022609999972,205.53141509999998,158.17275359999962,55.898747999999976,183.1719158999997,71.63321039999991,94.56204869999982,188.6065163999996,168.73140599999945,195.28331129999978
2026-06-30,106.98399269999976,109.10607479999976,199.88978219999976,100.20368159999984,77.5336337999999,154.86023519999955,106.20762119999982,112.83265799999982,54.08721449999997,102.1704893999998,81.77779799999989,154.0321055999995,22.411257300000006,192.22958339999963,90.36964259999982,121.68329309999974,208.94744970000002,160.76065859999966,57.45149099999998,187.88190299999968,74.1693572999999,97.56401849999985,191.45321189999962,172.82029589999945,200.97670229999994
2026-07-31,110.24475299999976,111.90101219999976,202.68471959999985,102.68807039999982,79.9145063999999,159.88077089999953,108.12267089999983,116.19693449999984,55.018860299999986,104.03378099999979,83.17526669999988,160.39835189999945,23.13587070000001,196.16319899999965,92.43996659999983,125.87569919999976,213.34688820000014,163.91790269999962,57.917313899999975,193.9376006999997,75.41155169999989,100.25543969999981,194.71397219999972,177.37500869999948,203.46109110000003
2026-08-31,113.71254569999972,116.40396689999973,206.41130279999993,106.82871839999977,81.5707655999999,165.4188875999995,109.98596249999981,119.50945289999986,57.65852339999998,106.20762119999976,85.29734879999987,165.57416189999944,23.13587070000001,201.23549279999975,95.5972106999998,131.10326729999971,218.05687530000029,169.1454707999996,60.24642839999997,195.9044084999997,79.29340919999987,103.36092569999978,197.50890959999975,180.9980756999996,207.39470670000006
2026-09-30,116.76627359999966,118.26725849999974,208.48162679999996,112.36683509999976,82.4506532999999,172.82029589999945,112.2633188999998,123.80537519999986,59.41829879999997,107.08750889999976,87.88525379999983,170.9052461999994,23.705209800000002,206.5148189999998,98.1333575999998,137.1589649999997,220.07544120000034,174.11424839999955,62.47202669999995,201.08021849999986,82.86471809999986,106.3628954999998,200.82142799999986,186.63970859999955,210.96601560000008
2026-10-31,121.21747019999967,122.97724559999968,212.62227480000013,116.76627359999975,84.72800969999989,177.32325059999945,115.00649819999977,126.3415220999998,60.24642839999997,111.69397979999974,90.26612639999986,174.11424839999944,25.982566200000004,209.77557929999983,99.53082629999982,141.86895209999972,223.5432339000005,177.37500869999954,64.38707639999994,204.13394639999987,87.10888229999985,110.29651109999978,203.20230059999983,191.50496999999962,213.45040440000014
2026-11-30,122.97724559999965,128.4118460999997,213.70919490000017,118.31901659999974,87.05712419999989,181.51565669999957,117.69791939999975,130.7927186999998,62.368510499999964,113.97133619999971,93.57864479999982,181.25686619999954,25.982566200000004,212.77754909999985,101.54939219999979,147.7176173999997,226.13113890000048,181.7226890999996,66.30212609999992,209.15448210000002,89.69678729999983,113.66078759999975,207.80877149999992,195.64561799999973,217.79808480000025
2026-12-31,126.60031259999961,132.7595264999997,216.76292280000015,121.89032549999969,89.28272249999988,185.34575609999956,121.37274449999974,133.5358979999998,63.55894679999996,116.35220879999969,95.2866620999998,186.84674099999955,25.982566200000004,214.48556639999995,103.77499049999977,151.65123299999973,229.54717350000053,185.03520749999967,66.71619089999993,212.82930720000007,93.73391909999984,117.07682219999973,210.7072251,199.2169268999998,218.62621440000026
2027-01-31,131.1032672999996,136.69314209999968,220.12719930000014,127.11789359999966,90.68019119999987,191.40145379999976,123.75361709999972,138.60819179999973,64.49059259999996,119.0953880999997,97.56401849999982,190.83211469999958,26.500147200000004,215.72776079999997,104.44784579999975,155.6883647999997,231.8245299000006,188.76179069999972,67.75135289999993,216.55589040000015,96.21830789999983,119.61296909999973,215.72776080000014,204.08218829999993,223.49147580000036
2027-02-28,134.9333666999996,141.3513710999997,221.00708700000013,132.55249409999965,92.90578949999986,192.64364819999972,125.5133924999997,141.92071019999972,66.04333559999996,124.42647239999968,99.06500339999982,194.45518169999963,26.500147200000004,217.90160099999997,106.25937929999975,159.82901279999967,233.73957960000067,191.91903479999976,68.63124059999993,218.98852110000013,102.06697319999984,124.94405339999972,218.5744563000002,209.46503070000006,226.02762270000045
2027-03-31,138.8152241999996,145.12971239999973,223.5949920000002,137.6247878999996,93.94095149999985,197.87121629999984,129.7575566999997,147.0447620999997,68.47596629999995,127.27316789999965,101.75642459999978,198.85462019999966,26.500147200000004,220.8518127000001,111.0211244999997,163.76262839999964,235.86166170000067,196.73253809999986,70.13222549999992,221.88697470000022,106.93223459999979,131.2067834999997,222.0422490000002,215.05490550000013,229.75420590000058
2027-04-30,142.12774259999955,148.5457469999997,226.1311389000002,140.8337900999996,95.54545259999985,199.26868499999986,133.17359129999966,150.87486149999964,70.85683889999993,131.98315499999964,103.67147429999984,204.18570449999987,27.43179300000001,221.62818420000005,113.7643037999997,166.24701719999962,237.7249533000007,198.75110399999988,71.52969419999991,224.1125730000002,109.67541389999978,135.08864099999968,224.73367020000026,217.90160100000017,231.61749750000055
2027-05-31,145.90608389999954,153.66979889999968,228.9260763000003,145.69905149999954,97.40874419999984,203.66812349999995,137.21072309999965,154.39441229999963,73.08243719999993,135.39918959999963,108.69200999999978,207.54998099999992,27.94937400000001,225.82059030000013,115.73111159999969,168.3690992999996,240.20934210000075,201.8048318999999,72.30606569999992,224.8371864000002,112.41859319999975,139.90214429999966,227.3733333000002,221.62818420000025,234.36067680000068
2027-06-30,151.65123299999954,155.37781619999967,231.2034327000003,149.6844251999995,98.70269669999985,205.58317320000006,142.2830168999997,158.17275359999962,74.58342209999992,140.47148339999964,110.45178539999978,211.79414519999992,28.156406400000005,227.8391562000001,119.56121099999966,174.21776459999964,243.26307000000077,203.82339779999995,73.39298579999989,227.78739810000022,117.28385459999976,144.56037329999967,228.51201150000026,223.80202440000028,236.58627510000068
2027-07-31,154.54968659999955,159.15615749999964,233.27375670000038,152.16881399999951,100.25543969999983,208.6369011000001,146.21663249999963,161.27823959999958,75.51506789999992,144.04279229999963,112.31507699999979,215.62424460000003,28.415196900000005,229.34014110000012,122.25263219999967,177.32325059999962,245.02284540000076,209.05096590000005,73.8070505999999,232.13507850000036,120.95867969999973,147.82113359999965,231.0481584000004,225.61355790000027,239.12242200000074
2027-08-31,159.05264129999952,164.17669319999962,235.75814550000044,157.7069306999995,100.98005309999982,212.05293570000012,149.21860229999965,164.53899989999954,77.8441823999999,149.11508609999956,113.97133619999975,220.2307155,28.82926170000001,233.0149662000002,127.01437739999959,184.62114269999964,246.83437890000084,211.53535470000008,74.47990589999988,235.2405645000004,123.80537519999974,152.01353969999965,235.03353210000057,228.3567372000003,242.22790800000078
2027-09-30,163.03801499999952,167.12690489999963,237.72495330000055,161.01944909999952,102.58455419999984,216.7111647000002,150.04673189999966,169.61129369999952,78.93110249999988,152.68639499999958,115.73111159999975,222.81862050000007,29.864423700000014,234.15364440000025,131.2585415999996,187.5713543999997,248.02481520000086,215.21017980000013,75.92913269999987,237.0003399000004,131.8278806999997,156.51649439999963,236.74154940000057,230.9446422000004,245.2816359000009
2027-10-31,166.1952590999995,171.37106909999963,240.2611002000006,163.8661445999995,104.24081339999984,221.0588451000003,152.99694359999964,173.44139309999952,79.5004415999999,158.32802789999957,117.5426450999997,226.70047800000012,29.864423700000014,236.89682370000025,134.1569951999996,189.9004688999997,249.93986490000088,217.69456860000022,77.53363379999985,240.05406780000044,138.81522419999965,161.0194490999996,240.15758400000067,233.6360634000004,247.45547610000096
2027-11-30,171.11227859999948,175.20116849999957,242.59021470000062,166.5058076999995,105.2759753999998,224.37136350000037,156.9305591999996,176.54687909999947,81.57076559999989,162.00285299999956,118.6295651999997,228.0461886000002,29.864423700000014,238.34605050000025,138.5564336999996,193.0059548999998,252.2172213000009,221.4211518000003,78.56879579999986,243.62537670000046,148.18344029999963,164.0214188999996,241.55505270000066,236.74154940000045,250.19865540000097
2027-12-31,176.0292980999995,178.30665449999955,243.0560376000006,170.0771165999995,106.2076211999998,228.92607630000043,158.9491250999996,178.97950979999948,84.36570299999988,165.31537139999952,120.49285679999969,231.8762880000003,30.589037100000013,240.51989070000027,143.00763029999953,195.49034369999984,255.788530200001,223.1809272000003,80.06978069999985,245.85097500000052,153.10045979999964,170.95700429999954,243.2630700000007,237.8802276000005,251.85491460000105
2028-01-31,178.7724773999995,183.22367399999962,245.07460350000065,174.01073219999947,107.70860609999977,231.2034327000005,161.2782395999996,181.4638985999995,87.05712419999989,169.50777749999952,123.70185899999966,234.05012820000033,30.589037100000013,242.48669850000033,147.87289169999957,200.76966989999983,256.66841790000103,226.75223610000035,81.00142649999985,247.86954090000057,154.65320279999963,175.92578189999958,245.1263616000007,241.5550527000005,253.20062520000099
2028-02-29,182.39554439999952,186.48443429999963,248.33536380000072,181.51565669999954,110.14123679999976,233.17024050000055,164.28020939999956,185.8115789999996,89.74854539999984,174.58007129999953,125.20284389999966,236.79330750000034,31.468924800000014,244.91932920000036,151.34068439999953,205.63493129999995,258.11764470000105,229.85772210000033,82.03658849999985,251.59612410000054,159.10439939999964,180.3769784999996,246.52383030000067,244.24647390000058,254.39106150000103
2028-03-31,186.22564379999963,188.7100325999997,251.02678500000067,186.89849909999964,113.55727139999972,236.3792427000005,170.64645569999954,188.03717729999963,90.52491689999985,180.27346229999958,127.16965169999965,239.48472870000037,32.297054400000015,247.0931694000004,155.63660669999953,211.22480609999997,259.41159720000104,233.99837010000041,82.81295999999983,252.68304420000058,163.9696607999996,183.27543209999976,248.02481520000075,245.64394260000063,255.270949200001
2028-04-30,191.3496956999997,192.1260671999997,252.21722130000072,188.3994839999996,116.24869259999976,239.0189058000006,174.2695226999995,192.22958339999968,93.11282189999989,187.0020152999997,130.11986339999962,242.22790800000038,32.297054400000015,248.12833140000043,161.64054629999953,213.50216250000003,260.6020335000011,237.8284695000005,84.31394489999984,254.4945777000006,168.67964789999957,188.39948399999986,249.47404200000076,246.36855600000067,256.61665980000106
2028-05-31,194.40342359999977,196.73253809999977,253.61469000000073,194.1446330999998,118.57780709999973,242.69373090000062,178.72071929999956,196.42198949999977,95.54545259999988,194.19639119999974,133.1735912999996,243.67713480000043,32.71111920000001,250.81975260000053,165.0565808999995,216.40061610000006,263.7592776000012,240.36461640000047,86.22899459999984,255.78853020000065,175.0458941999996,193.67881019999996,250.45744590000078,248.0765733000007,258.3246771000011
2028-06-30,198.5440715999997,199.94154029999984,256.09907880000077,196.31847329999982,121.83856739999973,244.76405490000064,183.0166415999997,198.5958296999998,97.71929279999982,198.5958296999998,136.02028679999958,247.09316940000048,33.12518400000002,252.06194700000057,168.73140599999945,220.43774790000012,264.27685860000116,243.36658620000048,87.41943089999982,257.60006370000076,180.0664298999996,196.7842962,252.52776990000086,249.5775582000008,258.7905000000011
2028-07-31,202.5294452999999,203.6163653999999,257.6000637000008,199.37220119999984,123.28779419999974,246.9896532000007,184.62114269999972,201.2872508999999,101.1353273999998,200.92494419999989,138.6081917999996,250.30217160000052,33.12518400000002,254.1322710000006,173.2343606999994,222.97389480000018,265.3120206000012,245.69570070000054,87.41943089999982,259.30808100000075,184.7764169999997,199.88978220000016,254.85688440000087,250.40568780000078,259.7739039000011
2028-08-31,206.51481899999996,207.0323999999999,259.1010486000008,203.09878439999983,125.92745729999976,249.3187677000008,188.0889353999998,205.1173502999999,102.32576369999975,204.28922069999993,141.2478548999996,254.28754530000063,33.12518400000002,256.3578693000007,177.89258969999952,225.25125120000013,266.1401502000012,247.92129900000057,88.66162529999983,260.9643402000007,189.43464599999973,202.42592910000025,257.44478940000096,252.3207375000009,261.3784050000011
2028-09-30,210.39667649999998,209.10272399999997,260.2914849000008,206.3077865999999,128.77415279999974,251.02678500000079,192.3848576999999,207.1876742999999,105.32773349999977,206.6700933,143.57696939999957,257.80709610000065,33.53924880000002,258.4799514000007,180.84280139999953,228.71904390000026,267.64113510000124,249.73283250000057,90.11085209999983,261.94774410000076,195.69737609999984,206.8253676000003,259.67038770000096,255.3744654000009,262.10301840000113
2028-10-31,216.0383094000001,211.12128990000002,261.99950220000085,208.7404172999999,131.15502539999974,252.99359280000084,195.38682749999992,209.2579982999999,109.77893009999981,210.2931603,147.40706879999956,259.8774201000006,33.53924880000002,258.9975324000007,182.08499579999958,232.8596919000003,269.0903619000013,253.35589950000065,91.04249789999982,263.1899385000008,200.25208889999993,211.2765642000004,261.844227900001,256.1508369000009,263.4487290000012
2028-11-30,220.8518127000002,216.24534180000015,263.5522452000009,211.38008039999997,133.48413989999972,255.58149780000096,197.30187719999995,211.01777369999996,112.62562559999976,213.19161390000005,149.63266709999957,262.2582927000007,33.953313600000016,261.6889536000008,184.98344939999959,236.58627510000036,269.2456362000013,254.39106150000066,92.23293419999979,265.7778435000009,202.89175199999994,216.1418256000004,262.67235750000094,256.92720840000095,265.15674630000126
2028-12-31,224.99246070000027,219.19555350000024,265.10498820000095,213.70919490000006,138.65994989999967,256.720176000001,203.3575749,213.76095300000003,116.04166019999975,217.33226190000022,153.10045979999956,263.65576140000076,33.953313600000016,262.56884130000077,187.7783867999996,239.69176110000046,271.10892780000137,257.44478940000073,94.19974199999977,267.0717960000009,208.9992078,219.1437954000004,264.846197700001,258.117644700001,266.2436664000013
2029-01-31,228.20146290000025,224.11257300000028,267.4858608000011,216.0900675,141.86895209999966,258.376435200001,206.56657710000002,216.0900675,118.21550039999977,219.0920373000002,156.3094619999995,266.14015020000073,33.953313600000016,263.0346642000008,189.6934364999996,240.7786812000005,272.4028803000013,258.42819330000077,95.1313877999998,268.986845700001,211.58711280000009,222.97389480000055,264.846197700001,259.256322900001,267.6411351000013
2029-02-28,232.1868366000003,229.23662490000035,268.0551999000011,220.23071550000014,147.25179449999968,259.46335530000107,210.08612789999998,220.17895740000014,121.99384169999972,221.83521660000025,157.96572119999954,266.86476360000074,33.953313600000016,264.48389100000077,191.66024429999965,242.33142420000055,273.5415585000013,259.92917820000076,96.83940509999977,271.78178310000106,214.74435690000013,224.68191210000057,266.60597310000105,261.999502200001,269.09036190000137
2029-03-31,234.10188630000027,231.92804610000042,268.77981330000114,221.88697470000014,149.94321569999968,260.8090659000011,212.0011776,222.4563138000002,126.39328019999975,226.02762270000036,161.07120719999952,268.5210228000009,33.953313600000016,266.08839210000076,194.7657302999997,243.57361860000054,274.31793000000135,262.6205994000008,98.70269669999978,273.1792518000011,218.00511720000014,227.16630090000055,267.79640940000104,262.6723575000011,269.6079429000014
2029-04-30,236.12045220000033,234.56770920000048,269.5561848000012,223.0256529000002,153.30749219999964,264.3803748000011,215.57248650000002,224.78542830000023,129.44700809999972,228.8225601000005,164.84954849999949,269.86673340000084,34.470894600000015,267.64113510000084,199.11341069999978,246.31679790000067,275.3013339000014,263.9145519000008,99.2202776999998,274.68023670000116,219.76489260000022,231.5657394000007,269.245636200001,264.8979558000011,271.36771830000134
2029-05-31,239.17418010000043,236.17221030000053,271.57475070000123,227.01102660000018,155.99891339999965,265.46729490000115,218.88500490000013,226.02762270000025,135.50270579999963,232.0315623000005,166.91987249999949,272.5581546000009,34.470894600000015,268.46926470000085,202.27065479999985,249.4222839000007,275.8189149000014,266.1919083000008,101.96345699999983,275.9741892000012,223.90554060000025,236.01693600000075,270.4878306000011,266.7094893000011,272.97221940000145
2029-06-30,241.81384320000046,237.7767114000005,272.50639650000124,230.68585170000028,158.84560889999966,266.1401502000012,221.1623613000001,227.63212380000027,141.5584034999996,233.01496620000052,168.99019649999946,274.2144138000009,34.72968510000002,269.3491524000009,206.56657709999996,249.99162300000071,276.8023188000014,266.8647636000009,105.9488306999998,276.5435283000011,227.83915620000028,238.19077620000084,271.3677183000011,268.1587161000011,273.48980040000146
2029-07-31,243.26307000000054,240.93395550000054,273.80034900000123,232.18683660000033,160.91593289999963,266.96827980000126,225.45828360000016,229.90948020000033,146.0613581999996,235.4993550000006,172.4579891999994,275.61188250000095,34.72968510000002,270.85013730000094,209.77557929999995,250.9750269000007,277.21638360000145,267.38234460000086,107.76036419999978,277.9409970000012,230.78936790000034,240.1058259000008,273.5933166000011,268.88332950000114,274.05913950000144
2029-08-31,245.38515210000065,242.4866985000005,274.83551100000125,236.06869410000033,165.21185519999966,268.98684570000125,227.21805900000015,233.48078910000032,149.68442519999957,238.65659910000062,175.4599589999994,276.69880260000093,34.72968510000002,271.9370574000009,211.84590329999995,255.01215870000078,278.9761590000014,268.62453900000094,108.69200999999978,278.7173685000012,234.05012820000036,244.14295770000086,274.78375290000116,270.12552390000104,274.88726910000145
2029-09-30,246.93789510000065,246.67910460000056,275.7671568000012,239.32945440000037,170.33590709999964,270.1772820000013,228.97783440000023,236.01693600000036,153.66979889999956,241.65856890000063,178.66896119999947,277.5269322000009,35.04023370000002,272.76518700000094,213.50216250000003,255.3744654000008,281.0982411000015,269.711459100001,109.46838149999978,279.70077240000126,236.0686941000004,247.86954090000089,275.30133390000117,271.1606859000011,275.4566082000014
2029-10-31,248.69767050000067,247.9730571000006,275.9741892000012,240.98571360000042,174.8388617999996,270.9018954000013,230.42706120000028,237.05209800000037,157.13759159999958,243.4701024000007,180.99807569999956,278.25154560000095,35.04023370000002,274.05913950000087,216.09006750000006,256.56490170000086,281.25351540000145,270.53958870000093,110.91760829999974,281.3052735000012,237.4661628000004,249.16349340000093,275.81891490000123,271.5747507000011,275.97418920000143
2029-11-30,251.23381740000073,249.6293163000006,277.2163836000013,243.36658620000046,179.39357459999962,271.8335412000014,232.8596919000003,238.9153896000004,160.96769099999955,244.50526440000075,183.43070639999956,279.33846570000094,35.04023370000002,274.88726910000094,220.12719930000006,258.2211609000009,281.7193383000014,270.69486300000096,113.40199709999976,282.0816450000013,238.60484100000045,251.80315650000097,277.42341600000117,272.0923317000012,275.97418920000143
2029-12-31,252.37249560000078,251.69964030000065,278.2515456000013,247.61075040000046,180.27346229999958,272.81694510000136,235.3958388000003,240.93395550000054,164.43548369999957,246.93789510000082,185.2939979999996,280.78769250000096,35.195508000000025,275.974189200001,222.7151043000001,258.84225810000095,282.28867740000146,273.0239775000011,114.69594959999975,283.1168070000013,240.57164880000045,253.61469000000096,277.42341600000117,273.12749370000114,276.38825400000144
2030-01-31,255.42622350000076,253.25238330000067,278.4068199000013,249.9398649000005,183.63773879999968,274.7837529000014,237.98374380000033,241.91735940000058,166.76459819999954,248.49063810000084,189.2793716999997,281.098241100001,35.81660520000002,276.388254000001,226.75223610000018,262.258292700001,282.65098410000144,275.0943015000011,115.62759539999975,283.53087180000125,244.50526440000047,256.25435310000097,279.18319140000125,274.7319948000012,276.69880260000144
